{
	"ruokalajit":[
        {"key":1, "nimi":"Alkuruoka", "kuvaus":"-"},
        {"key":2, "nimi":"Pääruoka", "kuvaus":"-"},
        {"key":3, "nimi":"Lisäkeruoka", "kuvaus":"-"},
        {"key":4, "nimi":"Väli - tai iltapala", "kuvaus":"-"},
        {"key":5, "nimi":"Jälkiruoka", "kuvaus":"-"},
        {"key":6, "nimi":"Suolainen leivonnainen", "kuvaus":"-"},
        {"key":7, "nimi":"Makea leivonnainen", "kuvaus":"-"}
	],
	"reseptit":[
        {"key":1, "nimi":"Ananas Con Carne", "ruokalaji":2},
        {"key":2, "nimi":"Tiramisu", "ruokalaji":7},
        {"key":3, "nimi":"Banaanicurry", "ruokalaji":2},
        {"key":4, "nimi":"Porkkanapiirakka", "ruokalaji":7},
        {"key":5, "nimi":"Rommikakku", "ruokalaji":7},
        {"key":6, "nimi":"kauralastut", "ruokalaji":7}
    ],
    "aineet":[
        {"key":1,"aine":"Banaani"},
        {"key":2,"aine":"Curry"},
        {"key":3,"aine":"Sipuli"},
        {"key":4,"aine":"Valkosipulinkynsi"},
        {"key":5,"aine":"Ruoanvalmistusjogurtti"},
        {"key":6,"aine":"Mangochutney"},
        {"key":7,"aine":"Suola"},
        {"key":8,"aine":"Öljy"},
        {"key":9,"aine":"Kananmuna"},
        {"key":10,"aine":"Sokeri"},
        {"key":11,"aine":"Vehnäjauho"},
        {"key":12,"aine":"Perunajauho"},
        {"key":13,"aine":"Leivinjauhe"},
        {"key":14,"aine":"Kahvi"},
        {"key":15,"aine":"Mantelilikööri"},
        {"key":16,"aine":"Maustamaton tuorejuusto"},
        {"key":17,"aine":"Ranskankerma"},
        {"key":18,"aine":"Kuohukerma"},
        {"key":19,"aine":"Keltuainen"},
        {"key":20,"aine":"Valkuainen"},
        {"key":21,"aine":"Liivatelehti"},
        {"key":22,"aine":"Tomusokeri"},
        {"key":23,"aine":"Jauheliha"},
        {"key":24,"aine":"Purjo"},
        {"key":25,"aine":"Lehtiselleri"},
        {"key":26,"aine":"Tomaattimurska"},
        {"key":27,"aine":"Lihaliemikuutio"},
        {"key":28,"aine":"Cayannepippuri"},
        {"key":29,"aine":"Valkoiset pavut tomaattikastikkeessa"},
        {"key":30,"aine":"Ananasmurska"},
        {"key":31,"aine":"Sooda"},
        {"key":32,"aine":"Voi"},
        {"key":33,"aine":"Porkkanaraaste"},
        {"key":34,"aine":"Maustamaton koskenlaskijajuusto"},
        {"key":35,"aine":"Vaniljasokeri"},
        {"key":36,"aine":"Digestivekeksi"},
        {"key":37,"aine":"Rommi"},
        {"key":38,"aine":"Kaurahiutale"},
        {"key":39,"aine":"Siirappi"},
        {"key":40,"aine":"Margariini"}
	],
    "liittyy":[
        {"key":1,"maara":400,"lyhenne":"g","reseptiID":1,"aineID":23},
        {"key":2,"maara":4,"lyhenne":"kpl","reseptiID":1,"aineID":3},
        {"key":3,"maara":1,"lyhenne":"kpl","reseptiID":1,"aineID":24},
        {"key":4,"maara":2,"lyhenne":"kpl","reseptiID":1,"aineID":25},
        {"key":5,"maara":400,"lyhenne":"g","reseptiID":1,"aineID":26},
        {"key":6,"maara":1,"lyhenne":"kpl","reseptiID":1,"aineID":27},
        {"key":7,"maara":3,"lyhenne":"kpl","reseptiID":1,"aineID":4},
        {"key":8,"maara":2,"lyhenne":"tl","reseptiID":1,"aineID":28},
        {"key":9,"maara":1,"lyhenne":"tl","reseptiID":1,"aineID":7},
        {"key":10,"maara":5,"lyhenne":"rkl","reseptiID":1,"aineID":8},
        {"key":11,"maara":400,"lyhenne":"g","reseptiID":1,"aineID":29},
        {"key":12,"maara":450,"lyhenne":"g","reseptiID":1,"aineID":30},
        {"key":13,"maara":4,"lyhenne":"kpl","reseptiID":2,"aineID":9},
        {"key":14,"maara":1.5,"lyhenne":"dl","reseptiID":2,"aineID":10},
        {"key":15,"maara":1,"lyhenne":"dl","reseptiID":2,"aineID":11},
        {"key":16,"maara":0.75,"lyhenne":"dl","reseptiID":2,"aineID":12},
        {"key":17,"maara":1,"lyhenne":"tl","reseptiID":2,"aineID":13},
        {"key":18,"maara":300,"lyhenne":"g","reseptiID":2,"aineID":16},
        {"key":19,"maara":1,"lyhenne":"dl","reseptiID":2,"aineID":17},
        {"key":20,"maara":2,"lyhenne":"dl","reseptiID":2,"aineID":18},
        {"key":21,"maara":3,"lyhenne":"kpl","reseptiID":2,"aineID":19},
        {"key":22,"maara":3,"lyhenne":"kpl","reseptiID":2,"aineID":20},
        {"key":23,"maara":6,"lyhenne":"rkl","reseptiID":2,"aineID":15},
        {"key":24,"maara":4,"lyhenne":"kpl","reseptiID":2,"aineID":21},
        {"key":25,"maara":2,"lyhenne":"dl","reseptiID":2,"aineID":22},
        {"key":26,"maara":2,"lyhenne":"dl","reseptiID":2,"aineID":14},
        {"key":27,"maara":2,"lyhenne":"kpl","reseptiID":3,"aineID":1},
        {"key":28,"maara":2,"lyhenne":"rkl","reseptiID":3,"aineID":2},
        {"key":29,"maara":1,"lyhenne":"kpl","reseptiID":3,"aineID":3},
        {"key":30,"maara":3,"lyhenne":"kpl","reseptiID":3,"aineID":4},
        {"key":31,"maara":2,"lyhenne":"dl","reseptiID":3,"aineID":5},
        {"key":32,"maara":3,"lyhenne":"rkl","reseptiID":3,"aineID":6},
        {"key":33,"maara":1,"lyhenne":"tl","reseptiID":3,"aineID":7},
        {"key":34,"maara":1,"lyhenne":"rkl","reseptiID":3,"aineID":8},
        {"key":35,"maara":4,"lyhenne":"kpl","reseptiID":4,"aineID":9},
        {"key":36,"maara":4,"lyhenne":"dl","reseptiID":4,"aineID":11},
        {"key":37,"maara":3,"lyhenne":"dl","reseptiID":4,"aineID":10},
        {"key":38,"maara":3,"lyhenne":"tl","reseptiID":4,"aineID":31},
        {"key":39,"maara":2,"lyhenne":"tl","reseptiID":4,"aineID":13},
        {"key":40,"maara":6,"lyhenne":"dl","reseptiID":4,"aineID":33},
        {"key":41,"maara":200,"lyhenne":"g","reseptiID":4,"aineID":34},
        {"key":42,"maara":3,"lyhenne":"dl","reseptiID":4,"aineID":22},
        {"key":43,"maara":250,"lyhenne":"g","reseptiID":4,"aineID":32},
        {"key":44,"maara":3,"lyhenne":"tl","reseptiID":4,"aineID":35},
        {"key":45,"maara":200,"lyhenne":"g","reseptiID":5,"aineID":36},
        {"key":46,"maara":1,"lyhenne":"rkl","reseptiID":5,"aineID":10},
        {"key":47,"maara":4,"lyhenne":"kpl","reseptiID":5,"aineID":19},
        {"key":48,"maara":1.5,"lyhenne":"dl","reseptiID":5,"aineID":10},
        {"key":49,"maara":18,"lyhenne":"dl","reseptiID":5,"aineID":18},
        {"key":50,"maara":3,"lyhenne":"rkl","reseptiID":5,"aineID":37},
        {"key":51,"maara":5,"lyhenne":"kpl","reseptiID":5,"aineID":21},
        {"key":52,"maara":100,"lyhenne":"g","reseptiID":5,"aineID":40},
        {"key":53,"maara":50,"lyhenne":"g","reseptiID":6,"aineID":40},
        {"key":54,"maara":2.5,"lyhenne":"dl","reseptiID":6,"aineID":38},
        {"key":55,"maara":2,"lyhenne":"rkl","reseptiID":6,"aineID":11},
        {"key":56,"maara":1,"lyhenne":"tl","reseptiID":6,"aineID":13},
        {"key":57,"maara":10,"lyhenne":"dl","reseptiID":6,"aineID":10},
        {"key":58,"maara":1,"lyhenne":"tl","reseptiID":6,"aineID":35},
        {"key":59,"maara":1,"lyhenne":"kpl","reseptiID":6,"aineID":9}   
    ]

}